<?xml version="1.0" encoding="UTF-8"?>
<metadata>
  <groupId>org.scalameta</groupId>
  <artifactId>munit_3</artifactId>
  <versioning>
    <latest>1.0.0</latest>
    <release>1.0.0</release>
    <versions>
      <version>0.7.25</version>
      <version>0.7.26</version>
      <version>0.7.27</version>
      <version>0.7.28</version>
      <version>0.7.29</version>
      <version>1.0.0-M1</version>
      <version>1.0.0-M2</version>
      <version>1.0.0-M3</version>
      <version>1.0.0-M4</version>
      <version>1.0.0-M5</version>
      <version>1.0.0-M6</version>
      <version>1.0.0-M7</version>
      <version>1.0.0-M8</version>
      <version>1.0.0-M9</version>
      <version>1.0.0-M10</version>
      <version>1.0.0-M11</version>
      <version>1.0.0-M12</version>
      <version>1.0.0-RC1</version>
      <version>1.0.0</version>
    </versions>
    <lastUpdated>20240522080254</lastUpdated>
  </versioning>
</metadata>
