{
    "injected_packages": {},
    "main_package": {
        "app_paths": [
            {
                "__Path__": "/Users/alba/opt/pipx/venvs/python-lsp-server/bin/pylsp",
                "__type__": "Path"
            }
        ],
        "app_paths_of_dependencies": {
            "autopep8": [
                {
                    "__Path__": "/Users/alba/opt/pipx/venvs/python-lsp-server/bin/autopep8",
                    "__type__": "Path"
                }
            ],
            "dill": [
                {
                    "__Path__": "/Users/alba/opt/pipx/venvs/python-lsp-server/bin/get_gprof",
                    "__type__": "Path"
                },
                {
                    "__Path__": "/Users/alba/opt/pipx/venvs/python-lsp-server/bin/get_objgraph",
                    "__type__": "Path"
                },
                {
                    "__Path__": "/Users/alba/opt/pipx/venvs/python-lsp-server/bin/undill",
                    "__type__": "Path"
                }
            ],
            "flake8": [
                {
                    "__Path__": "/Users/alba/opt/pipx/venvs/python-lsp-server/bin/flake8",
                    "__type__": "Path"
                }
            ],
            "isort": [
                {
                    "__Path__": "/Users/alba/opt/pipx/venvs/python-lsp-server/bin/isort",
                    "__type__": "Path"
                },
                {
                    "__Path__": "/Users/alba/opt/pipx/venvs/python-lsp-server/bin/isort-identify-imports",
                    "__type__": "Path"
                }
            ],
            "pycodestyle": [
                {
                    "__Path__": "/Users/alba/opt/pipx/venvs/python-lsp-server/bin/pycodestyle",
                    "__type__": "Path"
                }
            ],
            "pydocstyle": [
                {
                    "__Path__": "/Users/alba/opt/pipx/venvs/python-lsp-server/bin/pydocstyle",
                    "__type__": "Path"
                }
            ],
            "pyflakes": [
                {
                    "__Path__": "/Users/alba/opt/pipx/venvs/python-lsp-server/bin/pyflakes",
                    "__type__": "Path"
                }
            ],
            "pylint": [
                {
                    "__Path__": "/Users/alba/opt/pipx/venvs/python-lsp-server/bin/epylint",
                    "__type__": "Path"
                },
                {
                    "__Path__": "/Users/alba/opt/pipx/venvs/python-lsp-server/bin/pylint",
                    "__type__": "Path"
                },
                {
                    "__Path__": "/Users/alba/opt/pipx/venvs/python-lsp-server/bin/pylint-config",
                    "__type__": "Path"
                },
                {
                    "__Path__": "/Users/alba/opt/pipx/venvs/python-lsp-server/bin/pyreverse",
                    "__type__": "Path"
                },
                {
                    "__Path__": "/Users/alba/opt/pipx/venvs/python-lsp-server/bin/symilar",
                    "__type__": "Path"
                }
            ],
            "yapf": [
                {
                    "__Path__": "/Users/alba/opt/pipx/venvs/python-lsp-server/bin/yapf",
                    "__type__": "Path"
                },
                {
                    "__Path__": "/Users/alba/opt/pipx/venvs/python-lsp-server/bin/yapf-diff",
                    "__type__": "Path"
                }
            ]
        },
        "apps": [
            "pylsp"
        ],
        "apps_of_dependencies": [
            "autopep8",
            "pycodestyle",
            "flake8",
            "pyflakes",
            "pydocstyle",
            "epylint",
            "pylint",
            "pylint-config",
            "pyreverse",
            "symilar",
            "isort",
            "isort-identify-imports",
            "get_gprof",
            "get_objgraph",
            "undill",
            "yapf",
            "yapf-diff"
        ],
        "include_apps": true,
        "include_dependencies": false,
        "package": "python-lsp-server",
        "package_or_url": "python-lsp-server[all]",
        "package_version": "1.8.1",
        "pip_args": [],
        "suffix": ""
    },
    "pipx_metadata_version": "0.2",
    "python_version": "Python 3.8.6",
    "venv_args": []
}